country,1961,1962,1963,1964,1965,1966,1967,1968,1969,1970,1971,1972,1973,1974,1975,1976,1977,1978,1979,1980,1981,1982,1983,1984,1985,1986,1987,1988,1989,1990,1991,1992,1993,1994,1995,1996,1997,1998,1999,2000,2001,2002,2003,2004,2005,2006,2007,2008,2009,2010,2011,2012,2013,2014,2015,2016,2017
Afghanistan,,,,,,,,,,,,,1.6,,,,,,,,,,,,,,,,,,,,,,,,,,,5.3,,,10.3,,13.6,18.6,,22.8,,21.8,21.2,,,,22.5,,
Albania,,,,,,,,,,,,,,,,,,,,,,,,,,,,,,,,,,,,,,,,57.5,,75.1,,,60.1,,,,69.3,,,,,,,,
Algeria,,,,,,,,,,,,,,,,,,,,,,,,,,,35.8,,,,,50.9,,,56.9,,,,,64,,57,,,,61.4,,,,,,55.9,57.1,,,,
Angola,,,,,,,,,,,,,,,,,,,,,,,,,,,,,,,,,,,,8.1,,,,,6.2,,,,,,,,17.7,,,,,,,13.7,
Antigua and Barbuda,,,,,,,,,,,,,,,,,,,,,48.2,48.2,,,,,,52.6,,,,,,,,,,53,,,,,,,,,,,,,,,,,,,
Argentina,,,,,,,,,,,,,,,,,,,,,,,,,,,,,,,,,,,,,,,,,65.3,,,,78.9,,,,,,,55.4,81.3,,,,
Armenia,,,,,,,,,,,,,,,,,,,,,,,,,,,,,,,56,,,,,,,,,60.5,,,,,53.1,,,,,54.9,,,,,,57.1,
Australia,,,,,,,,,,,,,,,,,,,,,,,,,,76.1,,,,,,,,,66.7,,,,,,,70.8,,,72.3,65.2,,,62,,,67.8,,,,66.9,
Austria,,,,,,,,,,,,,,,,,,,,,,71.4,,,,,,,,,,,,,,50.9,,,,,,,,,,,,,69.6,,,,65.7,,,,
Azerbaijan,,,,,,,,,,,,,,,,,,,,,,,,,,,,,,,,,,,,,,,,55.1,55.4,,,,,51.1,,,,,54.9,,,,,,
Bahamas,,,,,,,,,,,,,,,,,,,,,,,,,,,,61.7,,,,,,,,,,,,,44.6,,,,,,,,,,,,,,,,
Bahrain,,,,,,,,,,,,,,,,,,,,,,,,,,,,,53.8,,,,,,61.8,,,,,,,,,,,,,,,,,,,,,,
Bangladesh,,,,,,,,,,,,,,,,7.7,,,,12.7,18.6,,,19.1,,25.3,,,31.4,,39.9,,,44.9,,,49.8,,,54.3,,,,58.5,,,55.8,52.6,,,61.2,,61.8,62.4,,,
Barbados,,,,,,,,,,,,,,,,,,,,,46.5,,,,,,,55,,,,,,,,,,55,,,,,,,,,,,,,,59.2,,,,,
Belarus,,,,,,,,,,,,,,,,,,,,,,,,,,,,,,,,,,,50.4,,,,,,,,,,72.6,,,,,,,63.1,,,,,
Belgium,,,,,,72,,,,,,,,,,87,,,,,,,81,,,,,,,,,78.4,,,,,56.5,,,,75.6,,,74.6,,,,,70.4,,,,66.8,,,,
Belize,,,,,,,,,,,,,,,,,,,,,,,,,,,,,,,46.7,,,,,,,,56.1,,,,,,,34.3,,,,,55.2,,,,51.4,,
Benin,,,,,,,,,,,,,,,,,,,,,,6.6,,,,,,,,,,,,,,16.4,,,,,18.6,,,,,16.9,,,,,,12.9,,17.9,,,
Bhutan,,,,,,,,,,,,,,,,,,,,,,,,,,,,,,,,,,18.8,,,,,,30.7,,,,,,,35.4,,,65.6,,,,,,,
Bolivia,,,,,,,,,,,,,,,,,,,,,,,23.6,,,,,,30.3,,,,,45.3,,,,48.3,,53.4,,,58.4,,,,,60.5,,,,,,,,66.5,
Bosnia and Herzegovina,,,,,,,,,,42.9,,,,,,,,,,,,,,,,,,,,,,,,,,,,,,47.5,,,,,,35.7,,,,,,45.8,,,,,
Botswana,,,,,,,,,,,,,,,,,,,,,,,,27.8,,,,33,,,,,,,,41.7,,,,44.4,,,,,,,,52.8,,,,,,,,,
Brazil,,,,,,,,,,,,,,,,,,,,,,,,,,66.2,,,,,59.2,,,,,76.7,,,,,,,,,,80.3,80.3,,,,,,80.2,,,,
Bulgaria,,,,,,,,,,,,,,,,75,,,,,,,,,,,,,,,,,,,85.9,,,63.4,,,,,,,64.4,,69.2,,,,,,,,,,
Burkina Faso,,,,,,,,,,,,,,,,,,,,,,,,,,,,,,,,,24.9,,,,,,11.9,,,,13.8,,,17.4,,,,16.2,,,,18.1,20.8,25.5,25.4
Burundi,,,,,,,,,,,,,,,,,,,,,,,,,,,8.7,,,,,,,,,,,,,15.7,,19.7,,,9.1,,,,22.7,21.9,,31.7,,,,,28.5
Cambodia,,,,,,,,,,,,,,,,,,,,,,,,,,,,,,,,,,,12.6,,,21.8,,23.8,,,,,40,,,,,50.5,,,,56.3,,,
Cameroon,,,,,,,,,,,,,,,,,,2.4,,,,,,,,,,,,,16.1,,,,,,,19.3,,25.6,,,,26,,29.2,,,,,23.4,,,34.4,,,
Canada,,,,,,,,,,,,,,,,,,,,,,,,73.1,,,,,,,,,,,74.7,,,80,,,,74,,,,85,,,,,,,,,,,
Cape Verde,,,,,,,,,,,,,,,,,,,,,,,,,,,,23.8,23.8,,,,,,,,,52.9,,,,,,,61.3,,,,,,,,,,,,
Central African Republic,,,,,,,,,,,,,,,,,,,,,,,,,,,,,,,,,,,14.8,,,,,27.9,,,,,,19,,,,,15.2,,,,,,
Chad,,,,,,,,,,,,,,,,,,,,,,,,,,,,,,,,,,,,,4.1,,,7.9,,,,11.1,,,,,,4.8,,,,,5.7,,
Chile,,,,,,,,,,,,,,,,,,43,,,,,,,,,,,,56,,,,,,,,,,,60.7,,,,,64.2,,,,,,,,,,76.3,
China,,,,,,,,,,,,,,,,,,,,,,69.5,,,74,,,71.1,,,,84.6,,90.7,90.4,91.1,83.8,,83,83.8,86.9,,,,,84.6,,89.3,89,89.1,88.6,87.9,,,,,
Colombia,,,,,,,,,20.5,,,,,,,42.5,,46.1,,48.5,,,,,,64.8,,,,66.1,,,,,72.2,,,,,76.9,,,,,78.2,,,,,79.1,,,,,81,,
Comoros,,,,,,,,,,,,,,,,,,,,,,,,,,,,,,,,,,,,21,,,,25.7,,,,,,,,,,,,19.4,,,,,
"Congo, Dem. Rep.",,,,,,,,,,,,,,,,,,,,,,,25.8,25.8,,,,,,,7.7,,,,,,,,,,31.4,,,,,,20.6,,,17.7,,,,20.4,,,
"Congo, Rep.",,,,,,,,,,,,,,,,,,,,,,,,,,,,,,,,,,,,,,,,,,,,,44.3,,,,,,,44.7,,,30.1,,
Costa Rica,,,,,,,,,,,,,,,,64.4,64.4,63.8,,,65.2,,,,,69.5,,,,,,,75,,,,,,80,,,,,,96,,96,80,81.1,82.2,76.2,,,,,,
Cote d'Ivoire,,,,,,,,,,,,,,,,,,,,,2.9,,,,,,,,,,,,,11.4,,,,,15,,,,,,,12.9,,,,,,18.2,,,,15.5,
Croatia,,,,,,,,,,58,,,,,,,,,,,,,,,,,,,,,,,,,,,,,,69,,,,,,,,,,,,,,,,,
Cuba,,,,,,,,,,,,,,,,,,,,60,,60,,,,,70,,,,,,,,,,,,,73.3,,,,,,72.6,77.1,,77.8,77.8,74.3,,,73.7,,,
Czech Republic,,,,,,,,,,66,,,,,,,95,,,,,,,,,,,,,,78,,68.9,,,,72,,,,,,,,78.2,,,86.3,,,,,,,,,
Denmark,,,,,,,,,,67,,,,,63,,,,,,,,,,,,,78,,,,76.5,76.5,,,,,,,,,,,,,,,,,,,,,,,,
Djibouti,,,,,,,,,,,,,,,,,,,,,,,,,,,,,,,,,,,,,,,,,,9,,,,17.8,,22.5,,,,19,,,,,
Dominica,,,,,,,,,,,,,,,,,,,,,62.3,62.3,,,,,49.8,,,,,,,,,,,50,,,,,,,,,,,,,,,,,,,
Dominican Republic,,,,,,,,,,,,,,,31.8,,,,,42,,,45.8,,,49.8,,,,,56.4,,,,,63.7,,,69.2,64.7,,69.8,,,,61.3,72.9,,,73,,,71.9,69.5,,,
Ecuador,,,,,,,,,,,,,,,,,,,33.6,33.6,,39.9,,,,,44.3,,52.9,,,,,56.8,,,,,65.8,,,,,72.7,,,,,,,,80.1,,,,,
Egypt,,,,,,,,,,,,,,,24.9,,,,,31.4,,,,30.3,,,,37.8,37.8,,47.6,47.1,,,47.9,47.9,54.5,54.5,,56.1,,,60,,59.2,,,60.3,,,,,,58.5,,,
El Salvador,,,,,,,,,,,,,,,21.6,,,34.4,,,,,,,47.3,,,47.1,,,,,53.3,,,,,60,,,,,66.9,,,,,72.3,,,,,,72,,,
Equatorial Guinea,,,,,,,,,,,,,,,,,,,,,,,,,,,,,,,,,,,,,,,,10.1,,,,,,,,,,,12.6,,,,,,
Eritrea,,,,,,,,,,,,,,,,,,,,,,,,,,,,,,,,,,,8,8,,,,,,8,,,,,,,,8.4,,,,,,,
Estonia,,,,,,,,,,,,,,,,,,,,,,,,,,,,,,,,,,70.3,,,,,,,,,,,63.4,,,,,,,,,,,,
Ethiopia,,,,,,,,,,,,,,,,,,,,,,,,,,,,,,4.8,,,,,,,3.3,,,8.1,,,,,14.7,,,,,,28.6,,,42,37.9,35.9,36.5
Fiji,,,,,,,,,,,,,,40.9,,,,38,,,,,,,,,,,,,,,,,,,43.9,,,44,,35,,,,,43.1,,,31.8,,44.3,,,,,
Finland,,,,,,,,,,,77,,,,,,80,,,,,,,,,,,,77.4,77.4,,78.8,,,,,,,79.5,,,,,,,,74.2,,,,,,,,85.5,,
France,,,,,,,,,,,64,64,,,,,71,78.7,,,,,,,,,,81.2,,,,,,74.5,,,,,,81.8,,,,76.6,74.8,,,76.4,,,78.4,,,,,,
Gabon,,,,,,,,,,,,,,,,,,,,,,,,,,,,,,,,,,,,,,,,32.7,,,,,,,,,,,,31.1,,,,,
Gambia,,,,,,,,,,,,,,,,,,,,,,,,,,,,,,11.8,,,,,,,,,,9.5,17.5,,,,,,,,,13.3,,,9,,,,
Georgia,,,,,,,,,,,,,,,,,,,,,,,,,,,,,,,,,,,,,,,,40.5,,,,,47.3,45.6,,,35.5,53.4,,,,,,,
Germany,,,,,,,,,,,,,,,,,,,,,,,,,77.9,,,,,,,70.1,,,,,,,,,,,,,66.2,,,50.7,,,68.7,,,,,,
Ghana,,,,,,,,,,,,,,,,,,,,9.5,,,,,,,,12.9,,,,17.2,20.3,20.3,,,,22,22,,,,25.2,,,16.6,,23.5,,,34.7,,19.8,26.7,34.7,30.6,33
Greece,,,,,,,,,,,,,,,,,,,,,,,77.2,,,,,,,,,,,,,,,,61.3,,76.2,,,,,,,,,,,,,,,,
Grenada,,,,,,,,,,,,,,,,,,,,,,,,,31,,,,,54.3,,,,,,,,54,,,,,,,,54,,,,,,,,,,,
Guatemala,,,,,,,,,,,,,,,,,,18.1,,,,,25,,,,23.2,,,,,,,,31.4,,,,38.2,,,43.3,,,,,,,54.1,,,,,,60.6,,
Guinea,,,,,,,,,,,,,,,,,,,,,,,,,,,,,,,,1.7,1.7,,,,,,6.2,,,,6.5,,9.1,,,,,,,5.6,,,,8.7,
Guinea-Bissau,,,,,,,,,,,,,,,,,,,,,,,,,,,,,,,,,,,,,,,,7.6,,,,,,10.3,,,,14.2,,,,16,,,
Guyana,,,,,,,,,,,,,,,29.5,,,,,,,,,,,,,,,,,38.2,,,,,,,,37.3,,,,,34.6,,34.2,,42.5,,,,,33.9,,,
Haiti,,,,,,,,,,,,,,,,,18.9,,,,,,6.9,,,,6.7,,10.2,,,,,,18,,,,,28.1,,,,,,32,,,,,,34.5,,,,,34.3
Honduras,,,,,,,,,,,,,,,,,,,,,26.9,,,34.9,,,40.6,,,,,46.7,,,,49.2,,,,,61.6,,,,,65.1,,,,,,73.2,,,,,
Hungary,,,,,,66.6,,,67,,,73,,74,76,,73.1,,,,,,,,,73.1,,,,,,,80.6,,,,,,,,,,,,,,,,61.6,,,,,,,,
India,,,,,,,,,,13.6,13.6,,,,,,,,,35.3,35.3,,,,,,,44.9,,,,,40.7,,,,,,48.2,46.9,,,53,53,54.4,56.3,,54.8,,,,,,,,53.5,
Indonesia,,,,,,,,,,,,,8.6,,,26.3,,,31.2,,,,,,38.5,,47.7,,,,49.7,,53.1,54.7,54.2,54.2,57.4,55.4,55.4,54.8,52.5,54.2,60.3,56.7,57.9,57.9,61.4,61.4,60.6,61,61.3,61.9,62,61.6,61.5,59.4,60.9
Iran,,,,,,,,,,,,,,,,,36,23,,,,,,,,,,,48.9,,49,64.6,67.8,70,72.8,73.7,72.9,,,73.8,,73.3,,,78.9,,,,,,77.4,,,,,,
Iraq,,,,,,,,,,,,,,14.5,,,,,,,,,,,,,,,13.7,,,,,,,,,,,43.5,,,,,,49.8,,,,,52.5,,,,,,
Ireland,,,,,,,,,,,,,,,,,,,,,,,,,,,,,,,,,,,,,,77,,,,75,,89,64.8,,,,,,,,,,,,
Israel,,,,,,,,,,,,,,,,,,,,,,,,,,,,68,,,,,,,,,,,,,,,,,,,,,,,,,,,,,
Italy,,,,,,,,,,,,,,,,,,,78,,,,,,,,,,,,,,,,,62.7,,,,,,,,,,,,,,,,,65.1,,,,
Jamaica,,,,,,,,,,,,,,,,38.3,,,54.9,,,,51.4,,,,,,54.6,,,,62,,,,65.9,,,,,69.1,69,,,,,,72.5,,,,,,,,
Japan,42,,44.6,,55.5,,53,,52.1,,52.6,,59.3,,60.5,,60.4,,62.2,,,,,57.3,,62.8,64.5,56.3,,57.9,,64,,58.6,,56.6,60.4,54.1,,55.9,,,,52,54.3,,,,,,,,,54.7,39.8,,
Jordan,,,,,,,,,,,,26.1,,,,25.2,,,,,,,26,,26.5,,,,,40,,,,,,,52.6,,,,,55.8,,,,,57.1,,59.3,,,61.2,,,,,
Kazakhstan,,,,,,,,,,,,,,,,,,,,,,,,,,,,,,,,,,,59.1,,,,66.1,,,,,,,50.7,,,,,51,,,,55.7,,
Kenya,,,,,,,,,,,,,,,,,,7,,,,,,17,,,,,26.9,,,,32.7,,,,,39,,,,,39.3,,,,,,45.5,,,,,58,66.3,61.6,
Kiribati,,,,,,,,,,,,,,,,,,,,,,,,,,,,,,,,,,,,,,20.9,,36.1,,,,21.5,,,,20,22.3,,,,,,,,
Kuwait,,,,,,,,,,,,,,,,,,,,,,,,,39,,34.6,,,,,,,49.8,,50.2,,,52,,,,,,,,,,,,,,,,,,
Kyrgyz Republic,,,,,,,,,,,,,,,,,,,,,,,,,,,,,,,,,,,,,59.5,,,,,,,,,47.8,,,,,,36.3,,42,,,
Lao,,,,,,,,,,,,,,,,,,,,,,,,,,,,,,,,,18.6,,20,,,,,32.2,,,,,38.4,,,,,,,49.8,,,,,
Latvia,,,,,,,,,,,,,,,,,,,,,,,,,,,,,,,,,,,67.8,,,,,,,,,,,,,,,,,,,,,,
Lebanon,,,,,,,,,,,53,,,,,,,,,,,,,,,,,,,,,,,,,61.1,,,,62.7,,58,,58,,,,,54.5,,,,,,,,
Lesotho,,,,,,,,,,,,,,,,,7.2,,,,,,,,,,,,,,,23.2,,,29.1,,,,,30.4,40.6,38,,37.3,,,,,47,,50.7,,,60.2,,,
Liberia,,,,,,,,,,,,,,,,,,,,,,,,,,6.4,,,,,,,,,,,,,,10,,,,,,,11.4,,,,,,20.2,,,31,
Libya,,,,,,,,,,,,,,,,,,,,,,,,,,,,,,,,,,,45.2,,,,,,,,,,,,41.9,,,,,,,,,,
Lithuania,,,,,,,,,,,,,,,,,,,,,,,,,,,,,,,,,,,50.7,,,,,,,,,,,62.9,,,,,,,,,,,
Madagascar,,,,,,,,,,,,,,,,,,,,,,,,,,,,,,,,16.7,,,,,19.4,,25,18.8,,,,27.1,,,,,39.9,,,,39.8,,,,
Malawi,,,,,,,,,,,,,,,,,,,,,,,,6.9,,,,,,,,13,,,,21.9,,,,30.6,,,,32.5,,41,,,,46.1,,,,58.6,,59.2,
Malaysia,,,,,,,8.7,,,,,,,33,,,,,,,,,,51.4,,,,48.3,50.1,,,,,55.1,,,,,,,,,,49,,,,,,,,,,52.2,,,
Maldives,,,,,,,,,,,,,,,,,,,,,,,,,,,,,,,29,,,,,,,,42,,,,,39,,,,,34.7,,,,,,,,
Mali,,,,,,,,,,,,,,,,,,,,,,,,,,,4.7,,,,,,,,,6.7,,,,,8.1,,,,,8.2,,,,9.8,,,10.3,,15.6,,
Malta,,,,,,,,,,,87,,,,,,,,,,,,,,,,,,,,,,85.8,,,,,,,,,,,,,,,,,,,,,,,,
Marshall Islands,,,,,,,,,,22.7,,,,,,,,,,,,,,,27.2,,,,,,,,,37,,,,,,,34,,,,,,44.6,,,,,,,,,,
Mauritania,,,,,,,,,,,,,,,,,,,,,0.8,,,,,,,,,,4.1,,,,,,,,,,8,,,,,,9.3,,,,11.4,,,,17.8,,
Mauritius,,,,,,,,,,,,,,,45.7,,,,,,,,,,74.6,,,,,,74.6,,,,,,,,,,,75.8,,,,,,,,,,,,63.8,,,
Mexico,,,,,,,,,,,,,,,,,30.3,40,37.8,,,47.7,,,,,52.7,,,,,63.1,,,66.5,,68.4,,,70,,,74.5,73,73.7,70.9,,,72.5,,,,,72.3,66.9,,
"Micronesia, Fed. Sts.",,,,,,,,,,,,,,,,,,,,,,,,,,,,,,,,,,,,,,45,,,,,,23,,,,,55,,,,,,,,
Moldova,,,,,,,,,,,,,,,,,,,,,,,,,,,,,,,,,,,,,73.7,,,62.4,,,,,67.8,,,,,,,59.5,,,,,
Mongolia,,,,,,,,,,,,,,,,,,,,,,,,,,,,,,,,,,57.3,,,,59.9,,67.4,,,69,,66,,,55.2,,54.9,,,,54.6,,,
Montenegro,,,,,,,,,,49.5,,,,,,,,,,,,,,,,,,,,,,,,,,,,,,52.7,,,,,39.4,39.4,,,,,,,23.3,,,,
Morocco,,,,,,,,,,,,,,,,,,,,19.4,,,,25.5,,,35.8,,,,,41.5,,,50.3,,58.4,,,,,,,63,,,,,,,67.4,,,,,,
Mozambique,,,,,,,,,,,,,,,,,,,,,,,,,,,,,,,,,,,,,5.6,,,,,,25.5,,,,,16.2,,,11.6,,,,27.1,,
Myanmar,,,,,,,,,,,,,,,,,,,,5,,,,,,,,,,,16.8,,,,,,32.7,,,,37,,34.3,,,,41,,,46,,,,,,52.2,
Namibia,,,,,,,,,,,,,,,,,,,,,,,,,,,,,40.9,,,28.9,,,,,,,,43.7,,,,,,,55.1,,,,,,56.1,,,,
Nauru,,,,,,,,,,,,,,,,,,,,,,,,,,,,,,,,,,,,,,,,,,,,,,,35.6,,,,,,,,,,
Nepal,,,,,,,,,,,,,,,,2.4,,,,,6.8,,,,,15.1,,,,,,24.1,,,,28.5,,,,37.3,39.3,,,38.3,,48,,,,,49.7,,,49.6,,52.6,
Netherlands,,,,,,,,,59,,,,,,75,,73,,,,,76.9,,,72,,,76.2,,,,,78.5,,,,,75,,,,,75,,,,,75,,,,,73,,,,
New Zealand,,,,,,,,,,,,,,,,70.1,,,,,,,,,,,,,,,,,,,75,,,,,,,,,,,,,,,,,,,,,,
Nicaragua,,,,,,,,,,,,,,,,,,,,,27,,,,,,,,,,,,48.7,,,,,60.3,,,68.6,,,,,,72.4,,,,,80.4,,,,,
Niger,,,,,,,,,,,,,,,,,,,,,,,,,,,,,,,,4.4,,,,,,8.2,,14,,,,,,11.2,,,,18,,13.9,,,,16.9,18.9
Nigeria,,,,,,,,,,,,,,,,,,,,,,6.8,,,,,,,,6,,,,13.4,,,,,15.3,,,,12.6,,,,14.7,14.6,,,14.1,13.5,15.1,,,20.4,13.4
North Korea,,,,,,,,,,,,,,,,,,,,,,,,,,,,,,,61.9,61.9,,,,62,67.3,,,,,68.6,,,,,,,,70.6,,,,78.2,,,
North Macedonia,,,,,,,,,,43.2,,,,,,,,,,,,,,,,,,,,,,,,,,,,,,,,,,,13.5,,,,,,40.2,,,,,,
Norway,,,,,,,,,,,,,,,,,,71,,,,,,,,,,,73.8,,,,,,,,,86.5,,,,,,,88.4,,,,,,,,,,,,
Oman,,,,,,,,,,,,,,,,,,,,,,,,,,,,,8.6,,,,,,23.7,,,,,31.7,,,,,,,,24.4,,,,,,29.7,,,
Pakistan,,,,,,,,,5.5,,,,,,5.4,,,,,3.3,,,,,9.1,,,,,14.5,11.8,,21.9,,17.8,13,23.9,,17,,27.6,,32.1,,,26,29.6,27,,,,29,35.4,,,,
Palau,,,,,,,,,,,,,,,,,,,,,,,,,,,,,,,,,,,,,,,,17.2,,,32.8,,,,21,,,22.3,,,,,,,
Palestine,,,,,,,,,,,,,,,,,,,,,,,,,,,,,,,,,,,,45.2,,,,51.4,,,,50.6,,,50.2,,,52.5,,,,57.2,,,
Panama,,,,,,,,,,,,,,,,53.9,,,60.6,,,,,,58.2,,,,,,,,,,,,,,,,,,,,,,,,52.2,,,,62.8,,,,
Papua New Guinea,,,,,,,,,,,,,,,,,,,,,,,,,,,,,,,,,,,,25.9,25.9,,,,,,,,,,32.4,,,,,,,,,,
Paraguay,,,,,,,,,,,,,,,,,28.6,,37.7,,,,,,,,44.8,,,48.4,,,,,,55.9,,61.8,,,,,,72.8,,,,79.4,,,,,,,,68.4,
Peru,,,,,,,,,,26,,,,,,,,31.4,,,41,,,,,45.8,,,,,,59,,,,64.2,,,,68.9,,,,70.5,,71.3,,72.4,73.2,74.4,75.4,75.5,74,74.6,74.6,76.2,
Philippines,,,,,,,,15.4,,,,,,,,,,36.2,,,,,,,,43.6,,36.2,,,,,40,,50.7,48.1,47,47.8,49.3,47,49.5,48.8,48.9,49.3,49.3,50.6,,50.7,,,48.9,,55.1,,,,
Poland,,,,,,,,,,,,60,,,,,75,,,,,,,,,,,,,,72.7,,,,,,,,,,,,,,,,,,,,50.6,,,,,,
Portugal,,,,,,,,,,,,,,,,,,,,76.3,,,,,,,,,,,,,,,,,78.8,,,,,,,,,86.8,,,,,,,,73.9,,,
Qatar,,,,,,,,,,,,,,,,,,,,,,,,,,,32.3,,,,,,,,,,,43.2,,,,,,,,,,,,,,37.5,,,,,
Romania,,,,,,,,,,,,,,,,,,58,,,,,,,,,,,,,,,57.3,,,,,,63.8,,,,,70.3,69.8,,,,,,,,,,,,
Russia,,,,,,,,,,,,,,,,,,,,,,,,,,,,,,,,,62.5,66.8,63.4,65.3,,,,,,,,68.5,,,63.2,,,,68,,,,,,
Rwanda,,,,,,,,,,,,,,,,,,,,,,,11,,,,,,,,,21.2,,,,13.7,,,,13.2,,,,,17.4,,,36.4,,51.6,,,,,53.2,,
Samoa,,,,,,,,,,,,,,,,,,,,,,,,,,,,,,,,,,,30,42.6,,24.5,,,,,,,,,,,28.7,,,,,26.9,,,
Sao Tome and Principe,,,,,,,,,,,,,,,,,,,,,,,,,,,,,,,,,,,,,,,,29.3,,,,,,30.7,,,38.4,,,,,40.6,,,
Saudi Arabia,,,,,,,,,,,,,,,,,,,,,,,,,,,,,,,,,,,,31.8,31.8,,20.8,,,,,,,,23.8,,,,,,,,,24.6,
Senegal,,,,,,,,,,,,,,,,,,3.9,,,,,,,,11.3,,,,,,,7.5,,,,12.9,,10.5,,,,,,11.8,,,,,,13.1,,17.8,22.2,23.3,25.1,
Serbia,,,,,,,,,,51.7,,,,,,,,,,,,,,,,,,,,,,,,,,,,,,58.7,,,,,,41.2,,,,60.8,,,,58.4,,,
Sierra Leone,,,,,,,,,,,,,,,,,,,,,,,,,,,,,,,,2.6,,,,,,,,4.3,,,,,5.3,,,8.2,,11,,,16.6,,,,
Singapore,,,,,,,,,,,,,60.1,,,,71.3,,,,,74.2,,,,,67,,,,,65,,,,,62,,,,,,,,,,,,,,,,,,,,
Slovak Republic,,,,,,,,,,,,,,,,,,,,,,,,,,,,,,,74,,,,,,79.8,,,,,,,,,,,,,,,,,,,,
Slovenia,,,,,,,,,,70.6,,,,,,,,,,,,,,,,,,,,,,,,,78.9,,,,,,,,,,,,,,,,,,,,,,
Solomon Islands,,,,,,,,,,,,,,,,,,,,,,,,,,,,,,,,,,,,11,,,,,6.8,,,,,,34.6,,,,,,,,29.3,,
Somalia,,,,,,,,,,,,,,,,,,,,,,,,,,,,,,,,,,,,,,,7.9,,,,,,,14.6,,,,,,,,,,,
South Africa,,,,,,,,,,,,,,,,,,,,48,,,,,,,,49.7,,57,,,,,,,,56.3,,,,,59.9,,,,,,,,,,,,,54.6,
South Korea,,,,,16,20,,,,,24.5,,,34.9,,44.2,,,54.5,,,57.7,,,70.4,,,77.1,,,79.4,,,77.4,,,80.5,,,79.3,,,84.5,,80.2,79.6,,,80,,,77.1,,,79.6,,
South Sudan,,,,,,,,,,,,,,,,,,,,,,,,,,,,,,,,,,,,,,,,,,,,,,3.5,,,,4,,,,,,,
Spain,,,,,,,,,,,,,,,,,47.1,,,,,,,,59.4,,,,,,,,,,81.1,,,,71.7,,,,,,,65.7,,,,,,,,72.7,,70.9,
Sri Lanka,,,,,,,,,,,,,,43.2,34.4,,48.6,,,,,57.8,,,,,61.7,,,,,,66.1,,,,,,,70,,,,,,,68.4,,,,,,,,,61.7,
St. Kitts and Nevis,,,,,,,,,,,,,,,,,,,,,,,,40.6,,,,,,,,,,,,,,,,,,,,,,54,,54,,,,,,,,,
St. Lucia,,,,,,,,,,,,,,,,,,,,,52.2,52.2,,,,,,47.3,,,,,,,,,,47,,,,,,,,,,,,,,55.5,,,,,
St. Vincent and the Grenadines,,,,,,,,,,,,,,,,,,,,,55.5,55.5,,,,,,58.3,,,,,,,,,,58,,,,,,,48,48,,,,,,,,,,,
Sudan,,,,,,,,,,,,,,,,,,,4.6,,,,,,,,,,,8.7,,,9.9,,,,,,7,,,,,,,9.5,,,,9,,,,12.2,,,
Suriname,,,,,,,,,,,,,,,,,,,,,,,,,,,,,,,,48,,,,,,,,42.1,,,,,,45.6,,,,47.6,,,,,,,
Swaziland,,,,,,,,,,,,,,,,,,,,,,,,,,,,19.8,19.8,,,,,,,,,,,27.7,,40.1,,,,,50.6,,,65.2,,,,66.1,,,
Sweden,,,,,,,,,,,,,,,,,,,,,78,,,,,,,,,,,,,,,75.2,,,,,,,,,,,,,,,,,,,,,
Switzerland,,,,,,,,,,,,,,,,,,,,71.2,,,,,,,,,,,,,,,82,,,,,,,,,,,,,,,,,72.9,,,,,
Syria,,,,,,,,,,,,,,,,,,29.5,,,,,,,,,,,,,,,39.6,,,,,,,45.3,46.6,,,,,58.3,,,,53.9,,,,,,,
Tajikistan,,,,,,,,,,,,,,,,,,,,,,,,,,,,,,,,,,,,,,,,33.9,,,25.3,24.6,37.9,28.5,37.1,,,,,27.9,,,,,
Tanzania,,,,,,,,,,,,,,,,,,,,,,,,,,,,,,,,10.4,,20.4,,18.4,,,25.4,,,,,28.2,26.4,,,,,34.4,,,,,,38.4,
Thailand,,,,,,,,,,14.8,,,26.3,,36.7,,,53.4,53.4,,59,,,64.6,,,65.5,,66.2,,,,73.9,,,75.2,72.2,,,79.2,77.8,,,,71.5,71.5,,,79.6,,,79.3,,,,78.4,
Timor-Leste,,,,,,,,,,,,,,,,,,,,,,,,,,,,,,,25.1,,,22.6,,,26.7,,,,8,,10,,,,19.8,,,22.3,,,,,,26.1,
Togo,,,,,,,,,,,,,,,,,,,,,,,,,,,,33.9,,,,,,,,,,23.5,,25.7,,,,,,16.8,,,,15.2,,,,19.9,,,
Tonga,,,,,,,,,,,,,,,,46,,,,,,,,,,,,,,,,,,,,,41,,32.8,33,,23,,,,23.9,,,,31.5,,34.1,,,,,
Trinidad and Tobago,,,,,,,,,,,43.6,,,,,,60.2,,,,,,,,,,52.7,,,,,,,,,,,,,38.2,,,,,,42.5,,,,,40.3,,,,,,
Tunisia,,,,,,,,,,,,,,,,,,31.4,,,,,41.1,,,,,49.8,,,,,,,60,,,,,65.5,62.6,,,,,60.2,,,,,,62.5,,,,,
Turkey,,,22.1,,,,,31.6,,,,,36.8,,,,,50.4,,,,,50.6,,,,,63.4,,,,,62.6,,,,,63.9,,,,,71,,,,,73,73,,,,73.5,,,,
Turkmenistan,,,,,,,,,,,,,,,,,,,,,,,,,,,,,,,,,,,,,,,,61.8,,,,,,48,,,,,,,,,,50.2,
Tuvalu,,,,,,,,,,,,,,,,,,,,,,,,,,,,,,39,,,,,,,,,,,,31.6,,,,,30.5,,,,,,,,,,
Uganda,,,,,,,,,,,,,,,,,,,,,,,,,,,,,4.9,,,,,,14.8,,,,,,22.8,,,,19.7,23.7,,,,,30,,,27.2,34.3,39,38.4
Ukraine,,,,,,,,,,,,,,,,,,,,,,,,,,,,,,,,,,,,,,,67.5,71.6,,,,,65.6,,66.7,,,,,65.4,,,,,
United Arab Emirates,,,,,,,,,,,,,,,,,,,,,,,,,,,,,,,,,,,27.5,,,,,,,,,,,,,,,,,,,,,,
United Kingdom,,,,,,,,,,,,,,,,77,,,,,,,83,,,81,,,69,,70,,82,,82,82,,83,82,76,80,83,80,84,82,82,84,82,84,,,,,,,,
United States,,,,,66.5,,,,,67.6,,,69.6,,79,67.7,,,,,,69.5,,,,,,74.3,,70.7,,,,,76.4,,,,,,,72.8,,,,,77.1,77.1,,76.4,,74.1,,72.7,,,
Uruguay,,,,,,,,,,,,,,,,,,,,,,,,,,83,,,,,,,,,,,84,,,,,,,77,78,,,,,,,,,,79.6,,
Uzbekistan,,,,,,,,,,,,,,,,,,,,,,,,,,,,,,,,,,,,55.6,,,,67.2,,67.7,,,,64.9,,,,,,,,,,,
Vanuatu,,,,,,,,,,,,,,,,,,,,,,,,24.4,,,,,,,15,,,,39,,,,28,,,,,,,,38.4,,,,,,49,,,,
Venezuela,,,,,,,,,,,,,,,,,60.3,,,,,,,,,,,,,,,,58,,,,,70.3,,,,,,,,,,,,75,,,,,,,
Vietnam,,,,,,,,,,,,,,,,,,,,,20,,,,,58,,53.2,,,,,,65,,,75.3,71.9,,74.2,73.9,78.5,75.3,75.7,76.8,75.7,79,79.4,,78,77.8,76.3,77.3,75.7,75.7,,
Yemen,,,,,,,,,,,,,,,,,,,1.7,,,,,,,,,,,,,9.7,,,,,20.8,,,,,,23.1,,,27.7,,,,,,,33.5,,,,
Zambia,,,,,,,,,,,,,,,,,,,,,,,,,,,,,,,,15.2,,,,25.9,25.9,,22,,,34.2,,,,,40.8,,,,,,,49,,,
Zimbabwe,,,,,,,,,,,,,,,,,,,,,,,,38.4,,,,43.1,43.1,,,,,48.1,,,,,53.5,,,,,,,60.2,,,64.9,,58.5,,,66.9,66.8,,
